{
  "train_loss": [
    1.9954196214675903,
    2.4782135009765627,
    1.441865611076355,
    0.8031130194664001,
    0.5990477323532104,
    0.5630094528198242,
    0.49885002374649046,
    0.41412319540977477,
    0.479359769821167,
    0.5385674178600312,
    0.6984884858131408,
    0.3830051600933075,
    0.4139789044857025,
    0.4414158046245575,
    0.33080418705940245,
    0.3624542891979218,
    0.31054897904396056,
    0.29197936654090884,
    0.24705155491828917,
    0.1935836747288704,
    0.2051360160112381,
    0.17864003777503967,
    0.18339594304561616,
    0.1968722641468048,
    0.17691553831100465,
    0.14015017300844193,
    0.15616438388824463,
    0.1381358101963997,
    0.12970819026231767,
    0.12309290766716004,
    0.09797894507646561,
    0.08265030458569526,
    0.08718970268964768,
    0.05578077062964439,
    0.07330004014074802,
    0.08048216551542282,
    0.053509221971035005,
    0.07554849460721016,
    0.07169977128505707,
    0.07362692654132844
  ],
  "train_reward": [
    0.375,
    0.46499999761581423,
    0.4299999952316284,
    0.575,
    0.4149999976158142,
    0.375,
    0.425,
    0.5,
    0.45,
    0.4,
    0.4,
    0.425,
    0.5,
    0.5,
    0.5,
    0.425,
    0.475,
    0.45,
    0.5,
    0.45,
    0.5,
    0.475,
    0.5,
    0.45,
    0.5,
    0.425,
    0.4,
    0.5,
    0.45,
    0.475,
    0.5,
    0.5,
    0.5,
    0.5,
    0.5,
    0.5,
    0.5,
    0.5,
    0.5,
    0.5
  ],
  "eval_accuracy": [
    0.84,
    0.86,
    0.92,
    0.88
  ],
  "eval_accuracy_countdown": [
    0.8333333333333334,
    0.8,
    0.8709677419354839,
    0.7931034482758621
  ],
  "eval_accuracy_multiplication": [
    0.85,
    0.95,
    1.0,
    1.0
  ],
  "steps": [
    0,
    5,
    10,
    15,
    20,
    25,
    30,
    35,
    40,
    45,
    50,
    55,
    60,
    65,
    70,
    75,
    80,
    85,
    90,
    95,
    100,
    105,
    110,
    115,
    120,
    125,
    130,
    135,
    140,
    145,
    150,
    155,
    160,
    165,
    170,
    175,
    180,
    185,
    190,
    195
  ]
}